<?xml version="1.0" encoding="UTF-8" standalone="yes"?>
<addon id="plugin.video.comettv"
       name="Comet TV Live"
       version="3.0.5"
       provider-name="t1m">
  <requires>
    <import addon="xbmc.python" version="2.20.0"/>
    <import addon="script.module.t1mlib" version="1.0.14"/>
  </requires>
  <extension point="xbmc.python.pluginsource"
            library="default.py">
        <provides>video</provides>
  </extension>
  <extension point="xbmc.addon.metadata">
    <summary lang="en">Comet TV Live</summary>
    <description lang="en">COMET is a new television channel dedicated to sci-fi entertainment offering popular favorites, cult classics, and undiscovered gems, every day.</description>
    <disclaimer lang="en">Feel free to use this script. For information visit the wiki.</disclaimer>
    <platform>all</platform>
    <language>en</language>
    <license>GNU GENERAL PUBLIC LICENSE. Version 2, June 1991</license>
    <forum>http://forum.kodi.tv/showthread.php?tid=216234</forum>
    <website>www.cbsn.com</website>
    <email></email>
    <source>https://github.com/learningit/plugin.video.cbsn</source>
  </extension>
</addon>
