
<?xml version="1.0" encoding="UTF-8" standalone="yes"?>
<addon id="repository.CUTISOL" name="Cutisol official Repo" version="1.0.0" provider-name="JA Olivero">
	<extension point="xbmc.addon.repository" name="Cutisol official Repo">
		<info compressed="false">https://raw.githubusercontent.com/Rosoli98/CUTISOL/master/addons.xml</info>
		<checksum>https://raw.githubusercontent.com/Rosoli98/CUTISOL/master/addons.xml.md5</checksum>
		<datadir zip="true">https://raw.githubusercontent.com/Rosoli98/CUTISOL/master</datadir>
	</extension>
	<extension point="xbmc.addon.metadata">
		<summary>Cutisol official Repo</summary>
   		<description lang="en">Instala los Addons de Cutisol.</description>
		<disclaimer></disclaimer>
		<platform>all</platform>
	</extension>
</addon>